[
  {
    "id" : 1,
    "firstName": "John",
    "lastName": "Smith",
    "email": "john@gmail.com"
  },
  {
    "id" : 2,
    "firstName": "khemais",
    "lastName": "MENZLI",
    "email": "john@gmail.com"
  },
  {
    "id" : 3,
    "firstName": "Abdo",
    "lastName": "MENZLI",
    "email": "john@gmail.com"
  },
  {
    "id" : 4,
    "firstName": "Youssef",
    "lastName": "MENZLI",
    "email": "john@gmail.com"
  },
  {
    "id" : 5,
    "firstName": "Assil",
    "lastName": "MENZLI",
    "email": "john@gmail.com"
  },
  {
    "id" : 6,
    "firstName": "Osswa",
    "lastName": "MENZLI",
    "email": "john@gmail.com"
  },
  {
    "id" : 7,
    "firstName": "NArmine",
    "lastName": "MENZLI",
    "email": "john@gmail.com"
  },
  {
    "id" : 8,
    "firstName": "Nour",
    "lastName": "MENZLI",
    "email": "john@gmail.com"
  }
]