<students>
    <student>
        <id>1</id>
        <firstName>john</firstName>
        <lastName>smith</lastName>
        <email>john@gmail.com</email>
    </student>
    <student>
        <id>2</id>
        <firstName>khemais</firstName>
        <lastName>smith</lastName>
        <email>john@gmail.com</email>
    </student>
    <student>
        <id>3</id>
        <firstName>abdo</firstName>
        <lastName>smith</lastName>
        <email>john@gmail.com</email>
    </student>
    <student>
        <id>4</id>
        <firstName>youssef</firstName>
        <lastName>smith</lastName>
        <email>john@gmail.com</email>
    </student>
    <student>
        <id>5</id>
        <firstName>assil</firstName>
        <lastName>smith</lastName>
        <email>john@gmail.com</email>
    </student>
    <student>
        <id>6</id>
        <firstName>osswa</firstName>
        <lastName>smith</lastName>
        <email>john@gmail.com</email>
    </student>
    <student>
        <id>7</id>
        <firstName>narmine</firstName>
        <lastName>smith</lastName>
        <email>john@gmail.com</email>
    </student>
    <student>
        <id>8</id>
        <firstName>nour</firstName>
        <lastName>smith</lastName>
        <email>john@gmail.com</email>
    </student>
    <student>
        <id>9</id>
        <firstName>rabeb</firstName>
        <lastName>smith</lastName>
        <email>john@gmail.com</email>
    </student>
</students>