[
 {"id":2,"firstName":"khemais","lastName":null,"email":"aaaa@email.com"},
 {"id":4,"firstName":"youssef","lastName":null,"email":"ccc@email.com"},
 {"id":5,"firstName":"assil","lastName":null,"email":"ddd@email.com"},
 {"id":6,"firstName":"osswa","lastName":null,"email":"hhhh@email.com"},
 {"id":7,"firstName":"rabeb","lastName":null,"email":"kkk@email.com"},
 {"id":8,"firstName":"narmine","lastName":null,"email":"zzz@email.com"},
 {"id":10,"firstName":"nour","lastName":null,"email":"yyy@email.com"}
]
